{
    "vertices": [-4.66195,1.97043,4.55046,2.93882,1.97043,4.55046,-4.49271,2.11448,-7.90873,2.61391,1.81964,-7.6961,-0.802561,7.43469,3.40924,-0.772947,1.97043,-9.37513,-2.31891,7.23612,3.40924,-1.96165,1.97043,-9.38415,-3.77728,5.96886,3.40924,-3.27416,1.97043,-8.75527,1.04359,1.97043,-9.12211,1.00595,7.23612,3.40924,2.07069,5.96886,3.40924,2.31685,1.97043,-8.40242,1.03796,2.82543,-6.80653,2.44151,2.82543,-6.79777,-4.82157,2.04582,-6.69338,-0.770163,2.82543,-6.81761,-2.28699,2.82543,-6.82689,3.16942,1.88247,-6.78872,-3.74525,2.84567,-6.83582,-0.777927,4.82835,-4.15717,-3.75297,4.04829,-4.15594,3.51107,1.97043,-4.15908,-5.11461,1.97043,-4.15538,2.45953,4.04829,-4.1585,-2.29466,4.82835,-4.15655,1.03032,4.82835,-4.15791,-0.787671,5.60337,-0.818188,1.02068,5.60337,-0.819106,3.87536,1.97043,-0.820563,-5.11461,1.97043,-0.815989,-3.76259,5.01921,-0.816679,-2.30426,5.60337,-0.817421,2.44983,4.83292,-0.819835,-3.76974,5.66134,1.66538,3.51107,1.97043,1.66178,-0.794914,6.24225,1.66397,2.44261,5.66134,1.66246,-5.11461,1.97043,1.66601,-2.31139,6.24225,1.66469,1.01352,6.24225,1.66312],
    "faces": [41,0,8,35,39,0,1,2,3,0,1,2,3,41,5,17,14,10,4,5,6,7,4,5,6,7,41,7,18,17,5,8,9,5,4,8,9,5,4,41,9,20,18,7,10,11,9,8,10,11,9,8,41,10,14,15,13,7,6,12,13,7,6,12,13,41,13,15,19,3,13,12,14,15,13,12,14,15,41,15,14,27,25,12,6,16,17,12,6,16,17,41,14,17,21,27,6,5,18,16,6,5,18,16,41,19,15,25,23,14,12,17,19,14,12,17,19,41,17,18,26,21,5,9,20,18,5,9,20,18,41,16,20,9,2,21,11,10,22,21,11,10,22,41,18,20,22,26,9,11,23,20,9,11,23,20,41,27,21,28,29,16,18,24,25,16,18,24,25,41,26,22,32,33,20,23,26,27,20,23,26,27,41,23,25,34,30,19,17,28,29,19,17,28,29,41,21,26,33,28,18,20,27,24,18,20,27,24,41,24,22,20,16,30,23,11,21,30,23,11,21,41,25,27,29,34,17,16,25,28,17,16,25,28,41,30,34,38,36,29,28,31,32,29,28,31,32,41,28,33,40,37,24,27,33,34,24,27,33,34,41,29,28,37,41,25,24,34,35,25,24,34,35,41,31,32,22,24,36,26,23,30,36,26,23,30,41,33,32,35,40,27,26,2,33,27,26,2,33,41,34,29,41,38,28,25,35,31,28,25,35,31,41,36,38,12,1,32,31,37,38,32,31,37,38,41,40,35,8,6,33,2,1,39,33,2,1,39,41,37,40,6,4,34,33,39,40,34,33,39,40,41,39,35,32,31,3,2,26,36,3,2,26,36,41,38,41,11,12,31,35,41,37,31,35,41,37,41,41,37,4,11,35,34,40,41,35,34,40,41],
    "uvs": [[0.036308,0.979364,0.039466,0.711271,0.117769,0.700035,0.163505,0.939453,0.635637,0.511809,0.51538,0.510714,0.514986,0.396621,0.625233,0.396483,0.635637,0.586958,0.514637,0.606215,0.608718,0.67039,0.513435,0.699207,0.51433,0.308752,0.595143,0.314666,0.532618,0.238802,0.570835,0.279198,0.373706,0.401554,0.388877,0.308228,0.371771,0.507589,0.423546,0.173355,0.370021,0.597025,0.521446,0.78475,0.571582,0.748325,0.382973,0.694256,0.224997,0.503705,0.227736,0.391772,0.231648,0.696998,0.224376,0.598861,0.240293,0.290093,0.282609,0.096845,0.414176,0.841669,0.126414,0.28858,0.172928,0.06046,0.108112,0.599701,0.109647,0.500986,0.111437,0.383115,0.270778,0.898605,0.047298,0.285906,0.045897,0.020636,0.016449,0.594954,0.013421,0.497985,0.019814,0.382466]],
    "normals": [-0.954955,0.287667,0.072726,-0.794671,0.593921,-0.125278,-0.747154,0.650197,-0.137669,-0.943541,0.331004,0.010681,0.012604,0.946074,-0.323679,0.007538,0.883358,-0.468581,0.092196,0.880276,-0.465407,0.057405,0.931669,-0.358654,-0.02765,0.940733,-0.337931,-0.074465,0.887845,-0.453993,-0.157872,0.91879,-0.361766,-0.396222,0.846522,-0.35548,0.546007,0.740776,-0.391247,0.307566,0.851558,-0.424512,0.824824,0.494064,-0.274758,0.785363,0.481765,-0.388684,0.184484,0.90228,-0.38963,0.640889,0.716422,-0.275643,0.000824,0.906125,-0.422987,0.870205,0.472365,-0.139958,-0.16364,0.90405,-0.394787,-0.62096,0.745079,-0.243355,-0.38551,0.865047,-0.320963,-0.601886,0.751671,-0.26957,-9.2e-05,0.971313,-0.237678,0.225227,0.944182,-0.240364,-0.694968,0.701743,-0.156621,-0.196753,0.950621,-0.239998,0.730491,0.668813,-0.138005,0.914426,0.402203,-0.044954,-0.825861,0.550096,-0.123692,0.782342,0.618488,-0.073397,0.945372,0.312998,0.090976,-0.245674,0.907437,-0.3408,-0.002289,0.918821,-0.394604,0.278542,0.902676,-0.327891,-0.90582,0.419446,-0.059297,0.812372,0.581622,-0.041597,0.948149,0.26484,0.175542,-0.260598,0.856105,-0.446242,-0.004486,0.847468,-0.530808,0.283792,0.860347,-0.423353],
    "name": "PlaneGeometry.1",
    "metadata": {
        "type": "Geometry",
        "generator": "io_three",
        "version": 3,
        "vertices": 42,
        "normals": 42,
        "uvs": 1,
        "faces": 30
    }
}